Article Title,Article Link,Article Text,Article Summary,Article Image
India Inc ratio of upgrades to downgrades at a decade high as corporates cut borrowings,https://timesofindia.indiatimes.com/india/india-inc-ratio-of-upgrades-to-downgrades-at-a-decade-high-as-corporates-cut-borrowings/articleshow/134589848.cms,"Indian corporations are showing resilience with a robust credit ratio of 3.2x, as reported by ICRA.

Join conversation View All Comments → Share your thoughts in the comments Insightful Agree Disagree Skeptical Concerning Promising Worth Reading Big Development Post Comment Be respectful · TOI community guidelines

Mumbai: Despite the triple shock of below normal monsoon, West Asia conflict pushing up crude and commodity prices and US tariff hurting Indian exports India inc is doing well with the ratio of upgrdes to down grade at a decadal high of 3.2x. According to rating agency ICRA the sound fianncail position of the corporartes is due to extended deleveraging by businesses and bank non-performing assets being at an all time low.ICRA said credit quality remained strong in H1 FY27, with the credit ratio rising to 3.2x from 2.8x a year earlier and 3.1x in FY26, well above the 10-year average of 1.5x. The annualised upgrade rate moderated to 14% from 17%, but downgrades fell to a multi-year low of 4%; defaults stood at 0.04%, with no investment-grade defaults.“Indian corporates enter H2 FY2027 from a position of strength, supported by healthy balance sheets and substantial liquidity buffers,” said K Ravichandran, executive vice-president and chief rating officer, ICRA. He flagged elevated crude prices, deficient monsoon, inflation and US tariff uncertainty as risks, but said strong balance sheets should prevent broad-based credit stress.Power, real estate, auto components, finance and capital goods, together about half of ICRA’s rated portfolio, contributed around 50% of upgrades.Upgrades mainly reflected stronger businesses and parents, lower project risks, higher scale, improved asset quality and deleveraging.ICRA expects crude prices, a 12% monsoon deficit and weaker reservoir levels to weigh on consumption and agricultural growth. It sees agricultural GVA growth slowing to 1% in FY27 from 3.3%, while retail inflation may average 5% against 2.1% in FY26.GDP growth is expected to moderate to 7.1% from 7.8% in Q1. Rural-linked and discretionary sectors may slow, while microfinance collections, vehicle-finance AUM growth and fleet-operator asset quality could weaken.ICRA expects any stress to remain granular, supported by healthy corporate balance sheets, bank asset quality and capitalisation. US tariff uncertainty remains an additional risk, particularly for exporters and generic pharmaceuticals.Corporate leverage is at a decade-low 2.0x, with cash covering nearly half of total debt. Policy support, public investment and spending on infrastructure and clean energy should provide further buffers against external shocks.","Icra said credit quality remained strong in h1 fy27, with the credit ratio rising to 3.2x. Annualised upgrade rate moderated to 14% from 17%, but downgrades fell to a multi-year low of 4%; defaults stood at 0.04%.","https://static.toiimg.com/thumb/msid-134590021,width-1280,height-720,resizemode-6,overlay-toi_sw,pt-32,y_pad-600/photo.jpg"
"In 2023, British rail researchers tested crushed old glass in place of scarce rail sand; it gave trains comparable grip and caused similar rail wear in wet and leaf-covered tests",https://timesofindia.indiatimes.com/world/uk/in-2023-british-rail-researchers-tested-crushed-old-glass-in-place-of-scarce-rail-sand-it-gave-trains-comparable-grip-and-caused-similar-rail-wear-in-wet-and-leaf-covered-tests/articleshow/134587854.cms,"AI-generated representative image showing crushed recycled glass as a potential alternative to rail sand during slippery autumn conditions. Credits - Gemini

How rail sanding works

Glass testing

AI-generated representative image showing a laboratory high-pressure torsion test comparing crushed recycled glass with conventional rail sand at a simulated wheel-rail contact. Credits - Gemini

What the findings tell us

Each autumn, railway workers in Britain get ready for the same slippery situation. Leaves fall on to the track, are mashed by the wheels and turn into a slippery film that is notoriously difficult for trains to get a grip on. The long-standing remedy has been to blow a little sand on to the rail just in front of the wheels. The trouble is that sand is not as plentiful as it once seemed, so a group of British researchers has been testing whether crushed recycled glass could take its place.It’s worth a moment on the broader backdrop. Sand is used in concrete, asphalt and glass and the UN Environment Programme has estimated that the global use of sand and gravel is around 50 billion tonnes a year, making it the second most used resource on earth after water. Rail sanding uses a small amount of it, but when a material is being stretched in all directions, even small users have good reason to seek a substitute.At the tiny contact area between a steel wheel and a steel rail, friction allows trains to accelerate and decelerate. Engineers call it low adhesion when water, oil or a coating of crushed leaves destroys that hold. Spraying grains onto the rail in front of the wheel solves the issue.This is known as sanding. As the wheel rolls over the grains, they split and spread out, packing them into clusters of fine powder. This grinding action raises the friction back to a manageable level. Sand is automatically shot on certain British passenger trains when wheel slip is detected during more forceful braking, and it always descends when the emergency brake is applied.It works, but it generates a lot of waste. The analysis of the field records shows that more than 80 per cent of the sprayed sand can be lost, because so little of it really penetrates the contact. This makes a substitution attractive, and glass is an obvious alternative. Glass is made largely of silica, the main component of natural sand, and there is plenty of waste glass to spare. One academic analysis puts worldwide glass trash in 2018 at roughly 130 million tonnes, of which only around 21 per cent was recycled. The underlying challenge was whether crushed glass could hold onto a slick rail as well as sand does, and that required correct measuring.Sadaf Maramizonouz and colleagues at Newcastle University and the University of Sheffield published two related papers in 2023. A dataset in Scientific Data characterised seven candidate materials, including standard Great British rail sand, Austrian rail sand, waste glass beads, recycled crushed glass, two types of alumina and dolomite. A separate study in the Proceedings of the Institution of Mechanical Engineers , Journal of Rail and Rapid Transit, examined the recycled crushed glass in detail. The researchers measured density, grain size, shape and how the grains behave in bulk, since a grain's strength and shape matter as much as its chemistry.Then came the tests. Using a high-pressure torsion rig, a laboratory device that mimics the squeeze between wheel and rail, the researchers compared recycled glass with standard sand in dry, wet and leaf-contaminated conditions. The wet and leafy runs are the low-adhesion conditions that cause the most trouble for railways.The main finding is reassuring. Recycled glass provided an acceptable level of traction and caused a similar level of rail damage to standard rail sand, according to the study in the Proceedings of the IMechE. The wear result matters as much as the grip: sanding already wears wheels and rails, so an alternative that gripped well but ate through steel faster would only shift the cost elsewhere.Some caution is necessary, however. This was lab research, and real track brings in variables no rig can properly replicate. Other research shows that the way grains spread on the rail differs between dry and wet conditions; thus, glass would need testing on a live track, including checks on cost and on the reliability of the supply of clean crushed glass in bulk. For now the message is simple: in damp, leafy lab conditions, crushed old bottles gave grip and rail wear comparable to sand. Railways will still need real-world trials before glass replaces sand in the sanders, but the idea has passed an important test.","Researchers at newcastle university and the university of sheffield compared recycled glass with standard rail sand in dry, wet and leaf-contaminated conditions. Recycled glass provided an acceptable level of traction and caused a similar level of rail damage to standard railsand.","https://static.toiimg.com/thumb/msid-134588059,width-1280,height-720,resizemode-6,overlay-toi_sw,pt-32,y_pad-600/photo.jpg"
"Budget: Budget proposes 30% TDS on net winnings in online games, removes threshold for TDS levy",https://timesofindia.indiatimes.com/business/budget/budget-proposes-30-tds-on-net-winnings-in-online-games-removes-threshold-for-tds-levy/articleshow/97527935.cms,"



NEW DELHI: The government on Wednesday proposed to impose a 30 per cent tax on net winnings from online gaming and also do away with the existing threshold limit of Rs 10,000.The Budget 2023-24 proposed to introduce two new provisions for Tax Deducted at Source (TDS) on online gaming -- levy of 30 per cent on payment of net winnings in a financial year and removal of the current Rs 10,000 threshold for the levy of TDS.In case the amount is not withdrawn from user account, tax shall be deducted at source at the end of the financial year.Speaking to reporters after the Budget, Revenue Secretary Sanjay Malhotra said the tax would be on net winnings on the aggregate value.""When you take out the money from the winning accumulated pool, the withholding tax would be levied on that,"" Malhotra said.The other change in the TDS provision for online gaming was removing the Rs 10,000 threshold.Malhotra said the move came after it came to the notice of the tax department that some online gaming companies were keeping the winning amount lower than the threshold so that they are not covered under the TDS provision.Nangia Andersen LLP Partner Sudin Sabnis said online gaming has assumed gigantic proportions in India with revenue of Indian mobile gaming industry expected to reach $5 billion by 2025 and has been a subject matter of intense government scrutiny in the recent past from GST and Income Tax perspective.""The Budget seeks to introduce a withholding tax on entire net winnings of any such user of online gaming platform. The gaming industry would need to revamp its strategy as these provisions along with ongoing discussions in GST Council could impact the user psyche similar to taxation of crypto currencies introduced in the last Budget,"" Sabnis said.Tax and consulting firm AKM Global, Tax Partner Amit Maheshwari said two new sections have been proposed with respect to online gaming Section 115BBJ to tax such proceeds at 30 per cent and Section 194BA providing TDS on net winnings in the user account at the end of the financial year.""Additionally, certain definitions have been provided such as computer resource', 'internet', 'online game', 'online gaming intermediary', 'user', 'user account' in order to avoid ambiguity,"" Maheshwari said.","Budget 2023-24 proposed to introduce two new provisions for tax deducted at source (tds) on online gaming. Levy of 30 per cent on payment of net winnings in a financial year. Removal of the current rs 10,000 threshold for the levy of tds.","https://static.toiimg.com/thumb/msid-97528043,width-1070,height-580,imgsize-1046280,resizemode-75,overlay-toi_sw,pt-32,y_pad-40/photo.jpg"
Govt examining Supreme Court order on employees' pension scheme: Union minister Rameswar Teli,https://timesofindia.indiatimes.com/business/india-business/govt-examining-supreme-court-order-on-employees-pension-scheme-union-minister-rameswar-teli/articleshow/96425174.cms,"NEW DELHI: The government on Thursday said it is examining a Supreme Court judgement which upheld Employees' Pension (Amendment) Scheme, 2014 and allowed employees to opt for enhanced pension coverage alongside their employers in four months' time.""Yes, sir. The directions of the Supreme Court in the judgment are under examination,"" minister of state for labour & employment Rameswar Teli said in a written reply to Rajya Sabha.Teli was replying to a question on whether the government is aware about the Supreme Court verdict of November 4 on EPF pension scheme and by when it will implement the verdict and instruct the EPFO (Employees Provident Fund Organisation) to take actions for giving higher pension.In another written reply, Teli said the court judgement has legal, financial, actuarial and logistical implications.The scheme has provided for an extension of four months' time for eligible employees to opt for enhanced pension.The apex court order provides that employees who were existing EPS-95 members as on September 1, 2014 can contribute up to 8.33 per cent of their actual salaries, as against 8.33 per cent of the pensionable salary capped at Rs 15,000 a month, towards pension.It had also struck down the requirement in the 2014 amendments mandating employer contribution of 1.16 per cent of the salary exceeding Rs 15,000 per month.This will facilitate the subscribers to contribute higher to the scheme and get enhanced benefits accordingly.There are more than six crore subscribers of the retirement fund body. A large number of contributing members of the pension scheme would benefit from opting for contribution on wages higher than threshold of Rs 15,000 per month.The minster also said EPFO has a corpus of Rs 18,64,136 crore. This amount consists of Rs 11,37,096.72 crore in Employees' Provident Fund Scheme, 1952; Rs 6,89,210.72 crore in Employees' Pension Scheme, 1995 and Rs 37,828.56 crore in Employees' Deposit-Linked Insurance Scheme, 1976, as on March 31, 2022.","Rameswar teli says the directions of the supreme court in the judgment are under examination. He was replying to a question on whether the government is aware about the verdict of november 4. The apex court order provides that employees who were existing eps-95 members as on september 1, 2014 can contribute up to 8.33 per cent of actual salaries.","https://static.toiimg.com/thumb/msid-96425203,width-1280,height-720,imgsize-47598,resizemode-6,overlay-toi_sw,pt-32,y_pad-600/photo.jpg"
Wake-up call for individual taxpayers! Foreign assets reporting in focus - what you should know,https://timesofindia.indiatimes.com/business/india-business/wake-up-call-for-individual-taxpayers-foreign-assets-reporting-in-focus-what-you-should-know/articleshow/128561574.cms,"Individual taxpayers often struggle with determining the correct reportable value of foreign assets. (AI image)

Year Key milestone 2011-12 Schedule FA introduced in ITR forms 2015 Black Money (Undisclosed Foreign Income and Assets) Act, 2015 enacted (effective 1 July 2015) 2015 India adopts CRS under OECD 2016 FATCA inter-governmental agreement operationalized 2017 First automatic exchange of financial account information under CRS begins 2021-22 CBDT clarifies calendar-year reporting for Schedule FA 2024-25 CBDT compliance-cum-awareness campaign & NUDGE initiative launched 2026 FAST-DS 2026: One-time amnesty/ disclosure window for small taxpayers

The enforcement architecture

The legal foundation: foreign income /asset mandatory disclosure

Foreign assets reporting: India in a Global Context

Practical challenges in Foreign Asset Reporting

CBDT’s NUDGE initiative: From awareness to enforcement

Why the Black Money Act raises the stakes

Finance Bill, 2026: A calibrated amnesty opportunity

Category A – Undisclosed foreign assets or income up to ₹1 crore Category B – Foreign income has been disclosed, but the corresponding foreign assets (value up to ₹5 crore) were not reported Income Tax @ 30% on:

FMV of the undisclosed foreign asset as on 31 March 2026, and/ or

Undisclosed foreign income

Penalty equal to 100% of the tax payable, as determined above.

Effective outflow: 60% of the value of the foreign asset or foreign income, as applicable. Flat fee of ₹1 lakh

What FAQs clarifies

Areas that require clarifications

What should individual taxpayers do now?

(Ravi Jain is Tax Partner at Vialto Partners. Vikas Narang, Director at Vialto Partners and Pawan Digga, Manager at Vialto Partners have contributed to the article. Views are personal.)

India’s foreign assets reporting is no longer evolving quietly in the background; it has entered an era of assertive enforcement. Budget 2026 reinforced that overseas income/ asset disclosure is not merely a procedural obligation to disclose in the Income tax return forms, but a core compliance priority. The finance minister through her Budget speech clarified a shift towards technology-driven, non-intrusive compliance powered by data analytics. The implication is clear; with Indian tax authorities now equipped with extensive information through global reporting frameworks, non-disclosure of foreign income/ assets reporting is a quantifiable and traceable risk.As a quick snapshot, the major milestones in India’s foreign asset reporting framework to strengthen compliance, is outlined below:India today operates within a global financial transparency architecture whereby it receives through international information exchange mechanisms such as the Common Reporting Standard (CRS) and Foreign Account Tax Compliance Act (FATCA). The relevant authorities receive granular, account level data on overseas financial assets, ranging from foreign bank accounts, investment portfolios, immovable properties, beneficial ownership etc. This information is not episodic - it is received in a structured way. Therefore, enforcement is no longer limited to suspicion-based audits or investigations, instead, discrepancies are detected systematically, as overseas financial data is matched against Income-tax returns filed in India, algorithmically.As per domestic tax laws in India, individual taxpayers who qualify as Resident and Ordinarily Resident (ROR) are taxed on their global income are mandatorily required to disclose foreign income and assets in their Income-tax return forms in FSI & FA schedule.The disclosure and reporting are quite wide, covering foreign bank accounts – whether held individually or jointly or custodian, ESOP/ ESPP/ RSU’s granted of foreign parent entity, shares and securities of foreign enterprises, immovable property, trusts, retirement pension accounts like 401k etc. held outside India.The disclosure obligations are not only linked to income generation or asset value, even dormant or low-balance accounts or assets that yield no income etc., are required to be reported.India’s foreign asset reporting regime has progressively aligned with global transparency standards, though its structural design differs from mature jurisdictions such as the United States.While India requires Resident taxpayers to disclose foreign assets and income in Schedule FA and FSI schedule within the Income tax return form, with stringent consequences under the Black Money Act, the US reporting is citizenship & residency based. Besides FATCA reporting with IRS US also requires reporting via FinCEN form 114 to US Treasury under Bank Secrecy Act. Both jurisdictions emphasize transparency and global information exchange, the US regime is threshold-driven and dual-reported (IRS and FinCEN), India integrates disclosure within the tax return but couples it with a separate penal statute for undisclosed foreign assets.Individual taxpayers often struggle with determining the correct reportable value of foreign assets, particularly in cases involving dormant bank accounts, inherited holdings, or investments acquired over multiple years. Currency conversion methodology and availability of historical documentation further complicate accurate disclosure.While income in the tax return is reported on a financial year basis (April to March of subsequent year), disclosures in Schedule FA require details relating to the calendar year (i.e., January to December). This mismatch frequently results in reconciliation challenges, especially where overseas financial statements follow a different reporting cycle.In addition, inconsistencies may arise where foreign income has been offered to tax but the corresponding asset was omitted in Schedule FA exposing taxpayers to technical non-compliance, despite absence of concealment intent.The CBDT had already demonstrated the data-driven model in action. Through its Compliance-cum-Awareness Campaign and the Non-Intrusive Usage of Data to Guide and Enable (‘NUDGE’) initiative, overseas financial information received under CRS was used to flag discrepancies and encouraged prompt voluntary correction.The response was significant: in the first phase alone, 24,678 taxpayers revised their returns, disclosing foreign assets worth over ₹29,200 crore and foreign income of over ₹1,089 crore.While the campaign was positioned as NUDGE by the CBDT, it sent signals for more assertive enforcement.The Black Money Act operates parallel to the Income-tax Act, 1961 and carries a significantly harsher compliance. Under this, even mere non-reporting of a foreign asset, irrespective of whether it has generated income or not, would attract penalty exposure. An undisclosed foreign asset may be taxed at a flat rate of 30% of its Fair Market Value (FMV), with penalties for non-reporting of ₹10 lakhs, even where no income has arisen.To balance the stringent penalties under the Black Money Act, the proposed Finance Bill 2026 also introduces targeted relief for small taxpayers. Prosecution will not be initiated where the aggregate value of undisclosed foreign assets (other than immovable property) does not exceed ₹20 lakh, and this change applies retrospectively from October 01, 2024.The Finance Bill, 2026 also proposed a targeted compliance reset through ‘The Foreign Assets of Small Taxpayers Disclosure Scheme, 2026 (FAST-DS 2026)’. The scheme provides a one-time opportunity to disclose specified foreign income and assets acquired up to March 31, 2026, with immunity from further proceedings under the Black Money Act, subject to prescribed conditions. The scheme will come into force from a date to be notified by the Central Government.The scheme’s objective is to address legacy reporting gaps of foreign income and assets through a structured correction window rather than prolonged enforcement. This amnesty scheme is clearly positioned as a limited correction, and not a recurring compliance facility with it being operative for a 6-month window. The scheme applies to individual taxpayers who are/ were ROR when the foreign income accrued/ earned or asset was acquired, irrespective of their current residential status. Accordingly, even those who are presently Non-Residents or Resident but Not Ordinarily Resident may avail the scheme if the non-disclosure pertains to a period when they qualified as ROR in India.The scheme has two categories tabulated below for easy comprehension:The payment of the above provides immunity from further tax, penalty, and prosecution under the Black Money Act. For taxpayers, this may be the last opportunity to regularize legacy foreign reporting gaps within a structured immunity framework. However, the relief is not universal: the scheme excludes assets that constitute proceeds of crime under the Prevention of Money Laundering Act, 2002, and does not extend to cases where assessment proceedings under the Black Money Act have already been concluded.The Budget 2026 FAQs offer some interpretative guidance. Importantly, the FAQ confirms that valuation under Category A is linked to the FMV of the asset as on 31 March 2026, not its original acquisition cost. It further clarifies that individual taxpayers who were Resident at the time of acquiring remain eligible, even if they are currently Non-Resident. While these clarifications are welcome, several operational and implementation questions remain open.While the disclosure window offers an opportunity for course correction. The clarity on the 6-month timeline commencement date and procedural mechanics is yet to be notified. Likewise, the requirement of valuing foreign assets at FMV as of March 31, 2026, raises practical questions around valuation methodology, currency conversion rates, particularly for assets such as foreign securities, immovable properties, employer provided stocks etc.Further, ambiguities remain if an individual taxpayer has multiple foreign assets acquired over several years, whether - one fee applies for all assets, or separate fee apply per asset / per year of non-disclosure. Lastly, while the scheme grants immunity from penalties and prosecution for disclosed income and assets, there are questions whether this will fully shield against reassessment under the existing Income tax Act.While the amnesty scheme is intended to make compliance easier for small taxpayers and those with inadvertent or legacy non-disclosures, it requires more detailing from CBDT to provide clarity on its practical implementation.In this evolving compliance landscape, individual taxpayers with overseas financial interests should undertake a prompt and structured review. Residential status must be reassessed for each relevant financial year with careful consideration, as the reporting obligations will depend entirely on it. A comprehensive inventory of all foreign assets including bank accounts, investments in foreign securities, pension funds, trusts, immovable property etc. , should be prepared to evaluate reporting exposure.The disclosure window proposed in Budget 2026 presents an opportunity to revisit and regularise past positions, but it demands taxpayers to seek informed guidance from experienced tax professionals before taking any action. In a data-driven enforcement environment, proactive correction today is far preferable than facing disproportionate consequences later.","India’s foreign assets reporting is no longer evolving quietly in the background; it has entered an era of assertive enforcement. Budget 2026 reinforced that overseas income/ asset disclosure is not merely a procedural obligation to disclose in the income tax return forms, but a core compliance priority.","https://static.toiimg.com/thumb/msid-128561920,width-1280,height-720,resizemode-6,overlay-toi_sw,pt-32,y_pad-600/photo.jpg"
Budget 2026: Unlocking greater private capital in the infrastructure sector,https://timesofindia.indiatimes.com/business/india-business/budget-2026-unlocking-greater-private-capital-in-the-infrastructure-sector/articleshow/128515193.cms,"The Budget proposed certain institutional reforms for delivering a powerful push to the infrastructure sector. (AI image)

By Mohammad Athar Saif

(Mohammad Athar Saif is Partner and Leader CP&I and Industrial Development, PwC India. With inputs from Haider Saikh - Associate Director Infrastructure, PwC India)

Infrastructure serves as the backbone of the economy, enabling India to transition towards a $35 trillion economy by 2047 and align with the Viksit Bharat vision. Given the infrastructure sector’s multiplier impact, the Government has sustained its focus on capital expenditure this year. A 9% increase in capex to ₹12.22 lakh crore, alongside an 11% rise in effective capex to ₹17.15 lakh crore, sends a strong and deliberate signal to the market regarding the durability of India’s infrastructure push.Building on this strong foundation, the Budget proposed certain institutional reforms for delivering a powerful push to the infrastructure sector. The proposed establishment of an Infrastructure Risk Guarantee Fund (IRGF) will support projects in de-risking the award-to-commercial operation date (COD) phase, improve the bankability of infrastructure projects, and enable quick financial closure. Similar institutions in countries such as Indonesia and South Korea have enabled the mobilisation of private debt at scale and reduced the cost of capital for developers.To tap into the economic strength facilitated by the agglomeration of cities, the Budget has set aside ₹5,000 crore for each city's economic region over the next five years. These funds will be deployed through a challenge‑based approach, with financing linked to reforms and measurable outcomes rather than mere spending. Alongside this, the Budget proposes a higher incentive of ₹100 crore for any single municipal bond issuance exceeding ₹1,000 crore, while the AMRUT scheme will continue to support smaller and mid‑sized cities by incentivising bond issuances of up to ₹200 crore. Together, these measures could nudge municipalities towards tapping commercial markets at lower costs, helping them finance the infrastructure requirements that come with rapid urbanisation.To strengthen the pipeline for asset monetisation, the Budget has leaned on tried‑and‑tested instruments such as Real Estate Investment Trusts (REITs) to monetise revenue‑generating real estate held by Central Public Sector Enterprises (CPSEs)—particularly at prime locations—without completely diluting the ownership. This approach offers a practical way to unlock latent value and recycle capital, allowing proceeds to be channelled back into priority areas of public investment. In this context, the identification of REIT-able properties would be important, especially since many Government office buildings would need significant refurbishment before they can attract serious private sector interest.The Government’s emphasis on a robust budgetary outlay for the transport sector demonstrates a clear commitment to reducing the logistics costs and fostering operational efficiency. The development ofDedicated Freight Corridors ( DFCs), national waterways, and high-speed railways will further contribute to the initiatives undertaken by the Government.India is currently at a pivotal moment in its economic journey, where strategic and sustained development of the infrastructure sector holds the key to unlocking its full potential. The timely and effective execution will matter just as much, if the country is to fully seize this opportunity. Initiatives such as the IRGF can meaningfully recalibrate the infrastructure debt market, but their impact will ultimately depend on how well the institutional framework is designed and how quickly the fund is operationalised.","Infrastructure serves as the backbone of the economy, enabling india to transition towards a $35 trillion economy by 2047. Given the infrastructure sector’s multiplier impact, the government has sustained its focus on capital expenditure this year. The proposed establishment of an infrastructure risk guarantee fund (irgf) will support projects.","https://static.toiimg.com/thumb/msid-128515274,width-1280,height-720,imgsize-89826,resizemode-6,overlay-toi_sw,pt-32,y_pad-600/photo.jpg"
Union Budget 2026: Government’s sankalp to build a Healthy India and shape a Viksit Bharat,https://timesofindia.indiatimes.com/business/india-business/union-budget-2026-governments-sankalp-to-build-a-healthy-india-and-shape-a-viksit-bharat/articleshow/128431447.cms,"By Bhanu Prakash Kalmath SJ

Budget 2026 Sets Long-Term Direction For India’s Economic Growth: Kidwai

(Bhanu Prakash Kalmath SJ is Partner and Healthcare Industry Leader, Grant Thornton Bharat)

Union Budget 2026 signals a decisive pivot in India’s health policy to build the full stack required for an innovation-led, patient-centred health economy. The government’s priorities are visible in three simultaneous moves: elevating India from a generics-first market to a credible biologics and biosimilars hub; scaling clinical trials and regulatory infrastructure to global standards; and strengthening preventive care and service delivery in areas where the system remains thin—mental health, emergency and trauma care, allied health manpower for Viksit Bharat, and integrative care that can anchor medical value tourism. Put simply, this is a capability-building budget: it lays the rails for discovering, testing, approving, and delivering advanced therapies at scale.This direction closely aligns with what the Economic Survey 2025–26 has flagged about the double burden of increasing Non-communicable diseases (NCDs) and communicable diseases (CDs) though the CDs are declining. Non-communicable diseases (NCDs) such as cardiovascular disease, diabetes, and cancers now account for over 57 per cent of all deaths, while overweight and obesity affect 24 per cent of women and 23 per cent of men - clear markers of lifestyle-driven risk accumulating across the working-age population.The Budget also reinforces the need to shift the health system from being largely treatment-led to one that prioritises prevention, early intervention, and behavioural health, reflecting growing concern around rising digital addiction and its mental-health implications highlighted in the Survey.The headline announcement, Biopharma SHAKTI, with an outlay of ₹10,000 crore over five years, aims to enhance domestic manufacturing capability in the emerging biopharma market requiring significant capital- and talent investments. It seeks to move India up the pharmaceutical value chain, from volume-driven generics to complex therapies. The proposed expansion and upgrading of NIPERs, creation of over 1,000 accredited clinical trial sites, and strengthening of the CDSCO through specialised scientific cadres together address long-standing bottlenecks in skills, trials, and regulatory timelines. Long-awaited reforms in the clinical trials ecosystem are a welcome move and could further attract global pharma Global Capability Centres (GCC) to India who are moving up the value chain to be an integral part of the R&D.Affordability and ease of living receive immediate attention as well. Exempting basic customs duty on 17 cancer drugs and extending duty-free personal imports to seven additional rare diseases provide near-term relief from out-of-pocket costs while domestic biopharma capacity scales up, an important intervention given that one in nine Indians faces a lifetime risk of cancer.On the service delivery side, the establishment of NIMHANS-2 in North India, upgrades of mental health institutes in Ranchi and Tezpur to regional apex centres, and a 50 per cent expansion of emergency and trauma care capacity across district hospitals directly address geographic inequities in mental health access and the catastrophic expenditures that medical emergencies often trigger. These choices emphasise behavioural health pressures, including anxiety and depression linked to excessive screen time, now increasingly visible among younger cohorts.Manpower- critical to both care delivery and prevention- is another binding constraint the Budget seeks to ease. Upgrading allied health institutions, adding 100,000 Allied Health Professionals across ten disciplines, and training 1.5 lakh caregivers in areas such as geriatric care, wellness, yoga, and assistive technologies will provide the operating muscle hospitals and home-care ecosystems need to translate infrastructure investments into improved throughput and quality.The Budget also reinforces India’s integrative and export-oriented healthcare vision. Proposals to establish five Regional Medical Hubs and strengthen AYUSH- including three new All India Institutes of Ayurveda, upgraded pharmacies and drug-testing laboratories, and an enhanced WHO Global Traditional Medicine Centre- aim to meet growing global demand while supporting farmers, skilled youth, and evidence-based traditional medicine. Importantly, this positions AYUSH not only as a cultural asset but also as a preventive and wellness pillar within the broader health system.Where does this leave the industry, and what will India gain if execution matches intent? In the near term, patients should see lower landed prices for select oncology and rare-disease therapies, hospitals should gain staffing depth that improves operating performance, and more clinical trials should begin and conclude in India with clearer and more predictable regulatory reviews. Over the medium term, domestic biopharma can move up the value chain, medical hubs can translate into sustained medical tourism revenues, and strengthened mental-health and emergency networks can begin to reduce avoidable mortality and catastrophic health spending.As India builds #HealthyIndia to shape a #Vibrant Bharat, further increasing the budget on public health expenditure as a share of GDP and greater support to encourage Research & Development in India would naturally strengthen the framework laid out in this Budget, particularly as the country seeks to deepen innovation and preventive care. Many themes - such as reducing the cost of cancer care, expanding mental-health and emergency infrastructure, strengthening the health workforce, and advancing the ‘Heal in India’ vision to grow medical tourism- also reflect continuity with previous budgets.Overall, Budget 2026 represents a systems-level push. By combining manufacturing, prevention, workforce development, affordability, and integrative care, it moves India closer to becoming a high value products producer at low cost and also a credible hub for prevention, innovation, and advanced healthcare delivery - an essential foundation for a healthier, more resilient, and Viksit Bharat.”","Union budget 2026 signals a decisive pivot in india’s health policy to build the full stack required for an innovation-led, patient-centred health economy. The government's priorities are visible in three simultaneous moves: elevating india from a generics-first market to a credible biologics and biosimilars hub.","https://static.toiimg.com/thumb/msid-128431563,width-1280,height-720,imgsize-83510,resizemode-6,overlay-toi_sw,pt-32,y_pad-600/photo.jpg"
"Budget 2026: Subtle reforms, long-term impact",https://timesofindia.indiatimes.com/business/india-business/budget-2026-subtle-reforms-long-term-impact-growth-discipline-and-digital-delivery/articleshow/128427609.cms,"Collectively, the post-Budget indirect tax landscape reflects a pathway towards focusing on operational improvements. (AI image)

By Smritikona Dutta

(Smritikona Dutta is Tax Partner, EY India. Inputs from Annubhav Kapoor, Senior Tax Professional, EY India)

India’s Union Budget 2026–27 signals a steady but deliberate shift toward the Government’s three stated ‘kartavyas’ of accelerating economic growth, building human capability, and widening access to amenities and resources. The administration has stated that the threefold approach can be achieved through an investment friendly, technology driven and compliance simplified growth. At a time of severe global disruptions, the government’s ability to keep the fiscal deficit below 4.5% of GDP stands out as an appreciable display of fiscal discipline, crucial for maintaining investor trust and protecting sovereign ratings.This discipline is even more notable considering the strain on revenue collections due to wider income tax slabs announced last year, the rollout of GST 2.0, and multiple free-trade agreements, while expected to boost export competitiveness, are likely to weigh on the Government’s revenue streams over the coming years. Within this context, the Budget maintains its momentum on infrastructure creation while addressing structural and systemic rigidities that have long constrained ease of doing business.The record capital outlay for railways encompassing high-speed passenger and freight corridors and introduction of India Semiconductor Mission (ISM) 2.0 alongwith enhanced allocations towards the Electronics Components Manufacturing Scheme.The aforesaid steps collectively lay the groundwork for long-term industrial and logistical capacity. Certain additional measures such as tax clarity for data centre operations and deductions linked to rare earth mineral extraction reinforce the Government’s intent to encourage domestic manufacturing in strategically important sectors.The GST side saw a lighter set of direct announcements, consistent with the post-GST Council tradition of treating GST reforms as a collaborative inter-governmental process rather than a Budget-exclusive domain. Still, much awaited legislative changes have been brought in through the omission of intermediary service provisions and alignment of post-sale discounts, easing longstanding compliance concerns for manufacturers and service exporters. Provisional refunds under the inverted duty structure mechanism should offer some relief to MSMEs facing liquidity pressures. However, the industry’s broader expectation of including capital goods and input services within the inverted duty refund framework still remains.Customs related measures such as rollout of customs integrated system for all customs processes, increase in personal duty-free baggage limits and exemption on certain health care drugs/medicines would help in reducing tax burden on individual consumers. On a business side, additional benefits for authorised economic operators, the extension of advance ruling validity, simpler warehousing procedures and removal of the 10 lakh cap on courier exports collectively reduce interpretative ambiguity and are likely to lower classification related disputes. These moves help simplify duty planning and facilitate smoother cross border trade.A request for redressal of many legacy disputes through an amnesty style scheme was widely expected. Yet, the absence of any such mechanism indicates the government’s cautious stance on revenue foregone. Instead, emphasis seems to be on preventing new disputes through digital consistency and a clarified tax regime.Among the impactful announcements is the relief extended to Special Economic Zones. Although SEZ exports remain substantial, manufacturers have struggled with under-utilised capacity and limited domestic sales flexibility. The decision to allow eligible SEZ manufacturing units to sell a limited portion of their output into the domestic market at concessional duty rates marks a major shift. Under the earlier regime, such sales were treated as imports and taxed at full output duty levels. The new relaxation is expected to ease inventory accumulation challenges being presently faced by manufacturing SEZ’s due to geopolitical tariffs.Collectively, the post-Budget indirect tax landscape reflects a pathway towards focusing on operational improvements, supply chain facilitation and targeted competitiveness enhancement rather than across the board tax relief. The policy direction being unmistakable: a gradual, technology driven, investment aligned tax regime that balances fiscal stability with long term efficiency.",The government’s ability to keep the fiscal deficit below 4.5% of gdp stands out as an appreciable display of fiscal discipline. The record capital outlay for railways encompassing high-speed passenger and freight corridors and introduction of india semiconductor mission (ism) 2.0 alongwith enhanced allocations towards the electronics components manufacturing scheme.,"https://static.toiimg.com/thumb/msid-128427708,width-1280,height-720,imgsize-147730,resizemode-6,overlay-toi_sw,pt-32,y_pad-600/photo.jpg"
"Budget 2026: Deepening domestic manufacturing capabilities, expanding global reach",https://timesofindia.indiatimes.com/business/india-business/budget-2026-deepening-domestic-manufacturing-capabilities-expanding-global-reach/articleshow/128291347.cms,"The Budget 2026 places manufacturing as a strategic and frontier sector for sustaining economic growth. (AI image)

By Neetu Vinayek

Budget 2026 Overview: What Citizens And Businesses Should Know

(Neetu Vinayek is Partner, Tax Infrastructure and Oil & Gas Leader, EY India . Manmay Chandawalla, Director-Tax, EY India also contributed to the article.)

India’s effort to strengthen its manufacturing foundation has steadily progressed over the past decade through a series of significant policy measures. A major milestone was the launch of the Make in India initiative in 2014, designed to encourage investment, spur innovation, and improve ease of doing business. Labour reforms also moved forward with the rollout of the four Labour Codes on 21 November 2025, merging 29 Central labour laws to streamline compliance and create a modern, resilient workforce framework. Complementing these domestic reforms, India has simultaneously intensified its global trade engagement through a renewed focus on Free Trade Agreements (FTAs). Together, these reforms laid the foundation for the renewed manufacturing push outlined in Union Budget 2026.The Budget 2026 places manufacturing as a strategic and frontier sector for sustaining economic growth. The government framed the Budget as a continuation of structural reforms aimed at improving productivity, boosting competitiveness, and strengthening resilience against global disruptions.In light of the rapid progress under the Electronics Components Manufacturing Scheme, the Budget proposes expanding its allocation to ₹40,000 crore, reaffirming India’s ambition to enhance domestic value addition and secure its place in global electronics supply chains.To compliment this, income tax holiday is being provided for five years to non-residents providing capital goods, equipment, or tooling to contract manufacturer operating in customs-bonded zones. This will help reduce costs which were being incurred on specialised equipment. Safe harbour provisions have been extended to non-residents for component warehousing in a bonded warehouse at a profit margin of 2 percent of the invoice value with a resulting tax incidence of 0.7 percent. This will harness efficiency of just-in-time logistics for the sector.A key highlight is the India Semiconductor Mission (ISM) 2.0, to produce equipment and materials, design full-stack Indian IP, and fortify supply chains signalling the country’s ongoing commitment to building a robust domestic semiconductor ecosystem.There is tremendous potential for the aviation sector with rise in airports and regional connectivity under the UDAN schemes. To build sustainable ecosystem it is important to manufacture aircrafts and undertake MRO activities within the country. With this vision basic customs duty is exempted on parts and components imported for manufacture of aircraft. Further, basic customs duty on raw materials imported for manufacture of parts used in maintenance, repair or overhaul requirements in defence units is also exempted. The government has also proposed a seaplane VGF scheme to support operations and indigenise manufacturing of seaplanes.A Scheme for Rare Earth Permanent Magnets, launched in late 2025, is now complemented by proposed support for Rare Earth Corridors across mineral-rich states to promote mining, processing, research and manufacturing.The Budget also introduces Biopharma SHAKTI—a five-year, ₹10,000 crore programme to position India as a global hub for biopharma manufacturing by strengthening capabilities in biologics and biosimilars.To boost the chemicals sector, the government has launched a scheme supporting States in developing chemical parks to expand domestic production.The capital goods sector, often the silent driver of productivity, receives a comprehensive support package. This includes the establishment of Hi-Tech Tool Rooms by Central Public Sector Enterprises (CPSEs) as digital service hubs for precision components, a scheme for advanced construction and infrastructure equipment. ₹10,000 crore over five-years is also allocated to develop a competitive container manufacturing ecosystem. These interventions aim to reduce import dependence, shorten supply chains, and lower costs.Beyond advanced manufacturing, the Budget extends support to labour-intensive sectors such as textiles. It also introduces a dedicated thrust to develop India into a global centre for high-quality, affordable sports goods.A Scheme has been proposed to revive 200 legacy industrial clusters to improve their cost competitiveness and efficiency through infrastructure and technology upgradation.Impetus to the manufacturing sector is also provided through taxes. Basic customs duty exemptions have been extended across emerging sectors, including lithium-ion cell battery storage systems, critical mineral processing equipment, raw material for wind turbines and nuclear power plants.In essence, the Union Budget 2026 represents a holistic manufacturing-led growth strategy. It marries structural reforms with targeted fiscal incentives, embraces both advanced and traditional industries, and puts exports and global competitiveness at the centre of its vision. The new set of measures and focus on emerging sectors has the potential to deepen the country’s industrial capabilities and strengthen its position in global value chains. On ground execution and collaboration could mark a transformative chapter in India’s industrial journey.","The budget 2026 places manufacturing as a strategic and frontier sector for sustaining economic growth. The government framed the budget as a continuation of structural reforms aimed at improving productivity, boosting competitiveness, and strengthening resilience against global disruptions.","https://static.toiimg.com/thumb/msid-128291387,width-1280,height-720,imgsize-57460,resizemode-6,overlay-toi_sw,pt-32,y_pad-600/photo.jpg"
How Budget 2026 promotes ease of compliance for taxpayers,https://timesofindia.indiatimes.com/business/india-business/how-budget-2026-promotes-ease-of-compliance-for-taxpayers/articleshow/128106291.cms,"Tax return deadlines have been extended to 31 August in case of non-audit business cases.

By Ishita Sengupta

No Change to Core Slabs and Deductions

New Income Tax Act, 2025

Staggered timelines for filing tax returns

Extended timeline for Revised tax returns

Updated Tax Return

Foreign Assets Time Bound Disclosure Scheme for Small Taxpayers

Simplified TDS and TCS Processes

TCS on foreign tour packages has been reduced to 2%.

TCS on remittances for education and medical treatment abroad under the Liberalised Remittance Scheme (LRS) has been brought down to 2% from existing 5%.

For property sales by Non-Residents (NRIs), the Budget allows the resident buyer to deduct and remit TDS using a PAN-based challan rather than requiring a TAN, simplifying the sale transaction process.

Lower Withholding Certificate - Form 15G/H

Rationalisation of prosecution provisions

Exemption for certain Non-Residents rendering services in India under a Notified Scheme

Conclusion

(Ishita Sengupta is India Leader and Partner, Vialto Partners. Supported by Riddhi Shah (Senior Manager, Vialto Partners) and Mugdha Kandalgaonkar (Manager, Vialto Partners). Views are personal)

India’s Union Finance Minister Nirmala Sitharaman presented the Budget 2026-27 on 1 February 2026, the ninth of her tenure, terming it as a unique Yuva Shakti-driven Budget.Rather than announcing sweeping tax reductions, the Budget reinforced continuity from last year and focused more on administrative simplification, extending selective relief against the backdrop of substantial tax changes in recent years. There is substantial thrust on promoting ease of compliance for the ordinary taxpayer. This article highlights below some of these proposals.The Hon’ble FM has chosen to retain stability in income tax slabs and rates. The structure applicable for FY 2025–26 continues unchanged in FY 2026-27, under which salaried individuals effectively pay no tax on income up to approximately INR 12 lakhs after considering standard deduction of INR 75,000 and applicable rebates.In line with expectations, the new Income Tax Act 2025, which supersedes the long-standing Act of 1961, will now be effective from 1 April 2026. The new Act was drafted with a valiant attempt at simplification of provisions by reducing jargon and using layman language instead for easier comprehension. The related Income Tax Rules and Forms are expected to be notified shortly, to provide taxpayers sufficient time to familiarize themselves with the new requirements.It would be critical to have these, including the electronic versions, tested and released at the earliest so that tax filing truly becomes a smooth experience for taxpayers.Tax return deadlines have been extended to 31 August in case of non-audit business cases. Other categories of individual taxpayers filing ITR1 and ITR2 will continue to follow the deadline of 31 July. The extended deadline will give some breathing space to such taxpayers to finalise their books of accounts and gather details of business income.Another helpful reform in this year’s Budget permits taxpayers to submit revised income tax returns up to the next 31 March, extending the previous deadline of 31 December. With a nominal fee of INR 1000/ 5000 (depending on income of below/ above INR 5 lakhs), this extension provides taxpayers with greater flexibility and reduces the time pressure for correcting errors. This will be particularly useful for globally mobile taxpayers who have income and reporting requirements of foreign income and assets arising in tax jurisdictions outside India whose tax years are calendar years. It will also allow them to avail tax treaty relief in cases of double taxation.To encourage voluntary compliance and reduce litigation, taxpayers will now be permitted to file Updated returns even after reassessment proceedings have begun, subject to payment of an additional 10% tax over and above the prescribed additional tax. Furthermore, updated returns can be filed even where there is a reduction in claimed losses.Over the past few years, after the introduction of the Black Money law, reporting of Foreign Assets and Income had become a stressful exercise for many people who did not have organised data at their disposal. Consequently, there have been multiple instances of taxpayers missing disclosure requirements. To give some relief to such taxpayers, a six-month tax amnesty scheme has been introduced to facilitate reporting of undisclosed foreign assets/income by certain categories of taxpayers like students, young professionals, tech employees, relocated NRIs, etc.In cases where the taxpayer has acquired such foreign asset from identified sources of income earned in India or abroad, reporting can be done upon a fee payment of INR 1 lakh if the maximum value (FMV) of assets covered is INR 5 crores. In cases where the taxpayer is unable to substantiate the source of funds for acquiring such asset(s), the amnesty scheme permits disclosure of assets, and any income arising therefrom, of a maximum aggregate value of INR 1 crore. The value of the asset would be at FMV and the tax payable will be 60% of such FMV/value. No further penalty is leviable.Budget 2026 has rationalised various Tax Deducted at Source (TDS) and Tax Collected at Source (TCS) provisions, making them less burdensome:These changes make funds more accessible for genuine personal needs instead of getting locked up for refund claims later.In case of taxpayers holding securities in multiple companies, depositories will now be able to accept Form 15G/15H from the investor and provide it directly to various relevant companies. This will eliminate the hassle of tracking multiple investments and missing submissions by taxpayers.The Budget proposes a major overhaul of criminal prosecution provisions under the Act with the aim to minimise unnecessary litigation while maintaining a careful balance for deterrence in some serious offences. In a very welcome move, assessment and penalty proceedings are proposed to be merged into a single order. In addition, it is proposed to remove interest liability on penalties during the pendency of initial appeal proceedings and also lower deposit requirements for tax demands under appeal from the existing 20% to 10%.In order to facilitate Indian businesses in specific sectors to avail of services of foreign experts with specialised skills, compliance has been made easier for such non-resident individuals. It is proposed to exempt income earned outside India (which is not deemed to accrue or arise in India) for a period of 5 consecutive tax years beginning with the first year of services. To be eligible for this relaxation, the individual should be non-resident in India for the last 5 years preceding the start of such services in India.The applicable Schemes are yet to be notified by the Government, but clearly this amendment will be welcomed by industries which need specialised experts to come and work in India. Measures like these will also make India an attractive destination for foreign experts to come and work in India.This Budget was more about consolidation of tax reforms and progress along the path laid out last year. With hardly any big bang changes, it has focused on procedural reforms and simplification under the New Income-tax Act, 2025. There were a few missed chances for greater simplification, e.g. in the area of capital gains, or TDS on rent payments to non-resident landlords, etc. We also hope that the related rules forms are released at the earliest to ensure taxpayers get adequate time to absorb and adopt these changes right from the start of the new tax year.",India’s union finance minister nirmala sitharaman presented the budget 2026-27 on 1 february 2026. The budget reinforced continuity from last year and focused more on administrative simplification. There is substantial thrust on promoting ease of compliance for the ordinary taxpayer.,"https://static.toiimg.com/thumb/msid-128106395,width-1280,height-720,imgsize-44452,resizemode-6,overlay-toi_sw,pt-32,y_pad-600/photo.jpg"
Union Budget 2026-27: Infrastructure-led growth to strengthen real estate sector outlook,https://timesofindia.indiatimes.com/business/india-business/union-budget-2026-27-infrastructure-led-growth-to-strengthen-real-estate-sector-outlook/articleshow/128198086.cms,"Union Budget 2026–27 positions real estate as a downstream beneficiary of infrastructure-led growth. (AI image)

By Chintan Patel and Aman Mehta

(Chintan Patel is Partner- Deal Advisory and Head of Real Estate & Hospitality and Transport & Logistics, KPMG in India and Aman Mehta is Vice President – M&A Consulting, KPMG in India)

The Union Budget 2026–27 reinforces a push towards infrastructure driven economic growth, setting a constructive backdrop for India’s real estate sector. While the budget does not introduce direct demand-side incentives for housing, its sharp focus on infrastructure, manufacturing, urban development and tourism is expected to create strong indirect momentum across residential, commercial, industrial and hospitality real estate segments.A key positive for the sector is the continued scale-up of public capital expenditure, with infrastructure outlay rising to INR 12.2 lakh crore from INR 11.2 lakh crore (FY 25-26). Sustained investment in transport networks and urban infrastructure is likely to unlock new real estate growth corridors, particularly beyond the traditional metro markets. The emphasis on strengthening Tier-2 and Tier-3 cities with populations exceeding five lakh recognizes their emerging role as economic centers and is expected to support incremental demand for various real estate asset classes in these locations.The Budget has in addition also proposed the development of seven high‑speed rail corridors connecting major urban and economic centers, aimed at improving inter‑city mobility and acting as growth catalysts along peripheral and secondary micro-markets. In parallel, the creation of City Economic Regions (CERs) across Tier‑2 and Tier‑3 cities, backed by INR 5,000 crore investments per CER across five years, seeks to strengthen infrastructure and accelerate their transition into regional economic hubs, with positive implications for the real estate sector. Measures such as the proposed Infrastructure Risk Guarantee Fund and continued monetization of CPSE real estate assets through REIT structures are likely to improve private sector participation and liquidity within the infrastructure and real estate sector.The accelerated push toward manufacturing across sectors such as biopharma, electronics, chemicals, textiles, rare earths, and construction equipment is expected to significantly influence the industrial and logistics landscape. The expansion of manufacturing ecosystems, revitalization of legacy industrial clusters, and development of modern plug‑and‑play industrial parks will not only drive sustained long‑term demand for industrial land, warehousing and R&D infrastructure but also enhance the overall growth outlook for the real estate sector across multiple regions.The Budget underscores tourism‑led economic development with a focus on healthcare, heritage and eco‑tourism. Key proposals include the establishment of five regional medical hubs, development of 15 archaeological and heritage sites as experiential cultural destinations. Additionally, the proposal of Buddhist circuits across the North‑Eastern states is expected to strengthen spiritual tourism and support hospitality‑led regional growth.In the budget, while direct tax incentives remain limited, there is a stronger emphasis on a predictable, rules‑based tax regime aimed at resolving long‑standing procedural bottlenecks and transfer‑pricing disputes. This shift enhances investor confidence, lowers risk premiums for foreign capital, and supports more resilient financial markets. The Budget also introduces multi‑decade tax clarity for foreign cloud service providers, who are procuring data center services from India, ensuring non‑taxation on eligible cloud‑related income until 2047. Additionally, the introduction of a 15 per cent on cost safe harbor margin for Indian data‑center entities servicing overseas affiliates strengthens India’s positioning as a competitive hub for hyperscale cloud infrastructure. These measures are likely to attract long term capital into digital infrastructure including new entrants in the data center space.Tax compliance has been eased for resident buyers purchasing immovable property from non‑residents. The removal of the requirement to obtain a TAN, allowing TDS deposits through the buyer’s PAN, streamlines cross‑border transactions and reduces administrative friction.A notable aspect of the Union Budget 2026 was the continued absence of direct tax incentives for the residential real estate sector including on the homebuyer’s ask for increasing the INR 2 lakh cap on interest deduction for self-occupied properties. Despite long‑standing industry expectations, the Budget did not introduce any new exemptions, relief, credit of GST paid on inputs by developers or confer infrastructure status to the real estate sector, measures that stakeholders have consistently advocated to boost sectoral growth.Overall, the Union Budget 2026–27 positions real estate as a downstream beneficiary of infrastructure-led growth. While near-term residential stimulus may be limited, the structural measures announced provide a strong foundation for a geographically diversified and long-term expansion of the sector.",Union budget 2026–27 positions real estate as a downstream beneficiary of infrastructure-led growth. Sustained investment in transport networks and urban infrastructure is likely to unlock new real estate growth corridors. The emphasis on strengthening tier-2 and tier-3 cities with populations exceeding five lakh recognizes their emerging role as economic centers.,"https://static.toiimg.com/thumb/msid-128198161,width-1280,height-720,imgsize-125506,resizemode-6,overlay-toi_sw,pt-32,y_pad-600/photo.jpg"
the structural forces reshaping real estate,https://timesofindia.indiatimes.com/business/india-business/budget-2026-powering-urban-india-the-structural-forces-reshaping-real-estate/articleshow/128123581.cms,"Proposal to monetize public sector real estate assets through dedicated REITs is expected to unlock value from idle assets. (AI image)

By Adarsh Ranka

Key Policy Announcements

Watch Budget 2026 Overview: What Citizens And Businesses Should Know Budget 2026 Overview: What Citizens And Businesses Should Know

Key Tax Updates

Income from House Property

TDS

Buy-back

Compulsory Acquisition

Minimum Alternate Tax

(MAT)

Other Key updates/ implications

Carry-Forward Expectations

(Adarsh Ranka is Partner and National Real Estate Leader, Member Firm of EY Global)

India’s real estate sector continued its growth momentum in 2025, reaffirming its position as a core pillar of the country's economic expansion. Currently contributing nearly 8% to GDP, the sector is projected to contribute 15-16% by 2047, aligning with India’s vision of “Viksit Bharat”. The Budget reinforces this trajectory through infrastructure-led development, policy & tax reforms, though some sector-specific expectations remain unaddressed.Proposal to monetize public sector real estate assets through dedicated REITs is expected to unlock value from idle assets, deepen institutional participation & enable efficient capital recycling across the sector.The government has reiterated its commitment to Tier 2 & Tier 3 cities, including temple towns, by allocating INR 5,000 crore over 5 years per City Economic Region. This is likely to stimulate urbanisation beyond metros & drive housing demand.Another notable thrust is on industrial & logistics corridors, supported by development of university townships integrating research institutions, skill centres & residential infrastructure.This integrated approach is expected to boost employment generation while creating demand for commercial & residential real estate.Further, development of dedicated rail freight corridors, textile & chemical parks will have positive spillover effects on industrial real estate, warehousing & allied infrastructure.For self-occupied properties, prior-period interest on housing loans continues to be deductible in 5 equal installments after construction completion. This prior-period interest has now been aligned with the Old Regime, with the overall interest deduction capped at INR 2 lakh per annum.Resident individuals & HUFs purchasing property from non-resident sellers can now deduct TDS by quoting PAN without the requirement to obtain a TAN.Consideration received on buy-back of shares will now be taxed as capital gains instead of dividends, with entitlement to capital loss on the cost of shares. However, promoters will be subject to an additional levy, resulting in higher effective tax rate for them.The Budget aligns income-tax provisions for compulsory acquisition of land under Right to Fair Compensation & Transparency in Land Acquisition, Rehabilitation & Resettlement Act, 2013, bringing clarity & consistency.MAT has been proposed to be reduced from 15% to 14%.For domestic companies continuing under the old tax regime post March 31, 2026, MAT paid will be treated as final tax liability, with no new MAT credit generation. Existing MAT credit as on March 31, 2026 will not be available for set-off unless the company transitions to the new regime.Companies migrating to the new regime during or after FY 2026–27 will be allowed to utilise MAT credit, subject to set-off capped at 25% of normal tax liability per year & carry forward permitted for 15 years from the date of generation.The MAT amendments are designed to encourage migration to the new tax regime. However, as REIT unitholder dividend exemptions remain linked to SPVs under the old regime, REIT managers will need to carefully evaluate the cost-benefit implications.The Budget also promotes foreign investment in Indian data centres by introducing a tax holiday for foreign companies until March 31, 2047 on income from procuring data centre services from specified Indian facilities. Services to Indian users must be routed through an Indian reseller entity.Additionally, the government has proposed the convergence of the Income Computation and Disclosure Standards (ICDS) with Indian Accounting Standards (Ind AS) through a joint Ministry of Corporate Affairs (MCA)–Central Board of Direct Taxes (CBDT) committee, along with a comprehensive review of the Foreign Exchange Management Act (Non-Debt Instruments) Rules to align them with India’s evolving economic priorities.Even as the reforms strengthen the sector’s overall framework, certain areas could be candidates for future refinement, including affordable housing incentives, interest deduction limits under the new regime, sector-specific relief for hospitality and tourism, and flexibility in ITC utilisation for leased assets.Overall, the Budget presents a largely positive outlook for the real estate sector, driven by infrastructure expansion, regional development & tax rationalisation. The government’s proactive engagement with industry stakeholders throughout the year rather than relying solely on annual budget announcements offers optimism that pending sectoral expectations may be addressed as India progresses toward its Viksit Bharat 2047 vision.","Proposal to monetize public sector real estate assets through dedicated reits is expected to unlock value from idle assets. Government has reiterated its commitment to tier 2 & tier 3 cities, including temple towns, by allocating inr 5,000 crore over 5 years per city economic region.","https://static.toiimg.com/thumb/msid-128123789,width-1280,height-720,imgsize-151926,resizemode-6,overlay-toi_sw,pt-32,y_pad-600/photo.jpg"
"Senior citizen invested Rs 3 crore in tax-free bonds, but mistakenly paid tax on Rs 25.42 lakh interest earnings; why ITAT Delhi ordered Rs 9.91 lakh refund",https://timesofindia.indiatimes.com/business/india-business/senior-citizen-invested-rs-3-crore-in-tax-free-bonds-but-mistakenly-paid-tax-on-rs-25-42-lakh-interest-earnings-why-itat-delhi-ordered-rs-9-91-lakh-refund/articleshow/134595737.cms,"While filing his return for AY 2022-23, he mistakenly treated Rs 25.42 lakh in interest from the bonds as taxable income. (Image for representative purpose only)

Here’s what the

Income Tax Appellate Tribunal

(ITAT) Delhi ruled.

What the case is about

Why did the senior citizen win the case?

What if you end up paying taxes on a tax-free income? Will you be refunded? In one such case a senior citizen man erroneously ended up paying tax on his interest earnings. A senior citizen living in Gurugram invested Rs 3 crore in two government tax-free bonds in 2013.Each year, the senior citizen reported the interest earned from his investments in tax-free bonds under the ‘exempt income’ category in his income tax return (ITR). However, while filing his return for AY 2022-23, he mistakenly treated Rs 25.42 lakh in interest from the bonds as taxable income from other sources.This included Rs 16.96 lakh that he earned from IFCL bonds and he got Rs 8.46 lakh from REC bonds. As a result, he ended up paying Rs 9.91 lakh in income tax. He was, however, not required to pay this amount since the investments by their definition were tax-free.However, the man realised the error only after the deadline for filing a revised ITR had passed. He therefore approached the jurisdictional assessing officer (JAO) and filed a rectification application under Section 154 on January 19, 2024.But, the JAO rejected this request from the senior citizen. The JAO took the view that a claim for such a deduction could not be considered by the JAO except through a revised ITR.The officer relied on the Supreme Court's decision in Goetze (India) Ltd. v. CIT.The Commissioner of Appeals (CIT A) upheld this decision.The senior citizen then challenged the matter before the Income Tax Appellate Tribunal (ITAT) Delhi.The ITAT Delhi observed that the rectification requested by the senior citizen was aimed at correcting an error apparent from the existing record and did not amount to making a new claim.The tribunal held that the ruling in Goetze (India) Ltd., which the AO had relied on while turning down Bakaya’s rectification application, did not apply to the present case.The ITAT referred to the coordinate Bench’s decision in the case of Kapil Dev Nikhanj, where it was held that the Goetze India decision referred to (supra) only limits the assessing authority from entertaining a fresh claim when it was not made in a valid return. It does not curtail the powers available to appellate authorities, as was clearly stated in the final paragraph of that judgment.Following the earlier ITAT decision, the Delhi tribunal therefore ruled in the man’s favour. It directed the AO to treat the Rs 25.42 lakh interest earned by the senior citizen from the IIFCL and REC tax-free bonds as exempt income under Section 10(15)(iv)(h).The ITAT further held that once the interest from these bonds was accepted as tax-exempt, the assessing officer was required to issue a refund of the resulting excess tax of Rs 9.91 lakh to the man, together with interest as admissible under the law.As a result, Bakaya succeeded in the case and will receive a tax refund of Rs 9.91 lakh.Chartered Accountant Ashish Niraj, Partner, A S N & Company, told ET that Section 10(15)(iv)(h) of the Income-tax Act, 1961, provides a complete exemption from income tax on any interest income that is earned from tax-free bonds and debentures issued by specified public sector companies. These include NHAI, REC, IIFCL and IRFC, among others.So simply put, the interest income from such bonds is fully exempt from tax in the hands of the taxpayer, without any limit. Despite this, the senior citizen inadvertently treated the exempt interest as taxable income in his ITR and ended up paying an additional Rs 9.91 lakh in tax.Niraj said that in this case, the assessing officer himself acknowledged the error in an order dated April 7, 2025, stating that the income from the bonds ""was erroneously added as taxable income while filing the income tax return.""The ITAT Delhi also took note of the AO's report and the fact that interest from IIFCL and REC tax-free bonds is exempt under Section 10(15)(iv)(h) of the Income-tax Act. The tribunal therefore held that the amount could not be taxed, in view of Article 265 of the Constitution of India.Niraj said a simple clerical mistake should not result in a tax liability when the underlying income is itself exempt from tax. The ITAT allowed the man’s appeal and directed that the excess tax be refunded.","A senior citizen living in gurugram invested rs 3 crore in two government tax-free bonds in 2013. While filing his return for ay 2022-23, he mistakenly treated rs 25.42 lakh in interest from the bonds as taxable income from other sources. As a result, he ended up paying rs 9.91 lakh in income tax.","https://static.toiimg.com/thumb/msid-134596201,width-1280,height-720,resizemode-6,overlay-toi_sw,pt-32,y_pad-600/photo.jpg"
Switched to the new income tax regime? Why these older tax-saving instruments still make sense,https://timesofindia.indiatimes.com/business/india-business/switched-to-the-new-income-tax-regime-why-older-tax-saving-instruments-like-ppf-nps-life-insurance/articleshow/134589490.cms,"Here are some of the tax-saving instruments that still deserve a place in your long-term wealth strategy, even without the tax break.

The author is CEO of Paisabazaar

Here are some of the tax-saving instruments that still deserve a place in your long-term wealth strategy, even without the tax break.

1. Life Insurance

Why should you invest:

Financial stability for your family:

Protection of accumulated wealth or assets:

Liability management:

2. Health Insurance

Why should you invest:

Protection of your savings:

Protection of long-term financial goals:

Financial security during medical emergencies:

Tax saving instruments that are still relevant

3. National Pension System (NPS)

Why should you invest:

Retirement planning:

Long-term investing:

Asset diversification:

6 things to consider beyond tax saving

4. Public Provident Fund (PPF)

Why should you invest:

Capital protection:

Long-term compounding:

Disciplined investing:

Portfolio diversification:

Tax-free earnings:

5. Savings Schemes - NSC & SSY

National Savings Certificate

(NSC)

Why should you invest:

Fixed-income stability:

Goal-based investing:

Reinvestment of interest:

Sukanya Samriddhi Yojana

(SSY)

Why should you invest:

Child-focused savings:

Long-term wealth accumulation:

Dedicated goal bucket:

Disciplined contributions:

Conclusion

(Disclaimer: Recommendations and views on the stock market, or any other asset classes or personal finance management tips given by experts and analysts are their own. These opinions do not represent the views of The Times of India.)

For many, saving tax has long been one of the key reasons for investing in tax-saving instruments. These instruments have helped Indians not only reduce their tax liability but also build wealth and provide financial security to their families. But with the introduction of the new tax regime, with its lower tax rates and a higher standard deduction, taxpayers are increasingly shifting towards the new tax regime.In fact, around 88% of individual taxpayers have already shifted to the new system. This shift also signals departure from conventional tax-saving strategies as the new tax regime does not offer several tax deductions and exemptions available under the old tax regime. While these usual go-to avenues may have lost some of their appeal as tax-saving instruments, they still hold great financial value in terms of long-term financial security.Many taxpayers view life insurance as a tax-saving tool, but its value is far greater. It offers financial protection to your family in the event of unforeseen circumstances.It ensures your family do not struggle to manage everyday expenses, repay outstanding dues or meet long-term goals in your absence.A life cover can provide financial support that gives your family time to adjust to a major change in the household’s finances without having to immediately compromise their standard of living.Adequate life cover can help ensure that a family does not have to prematurely sell investments or other assets to meet immediate financial needs following the death of an earning member.Life insurance can provide a dedicated source of funds to meet outstanding loans and other financial liabilities, helping prevent these obligations from becoming a burden on the family.Note that your life cover should be at least 15-20 times your annual income. However, the right cover should also take into account your outstanding loans, number of dependents, children's education and other long-term financial commitments. A new-regime taxpayer should not discontinue their life insurance merely because the tax deduction is unavailable. The absence of a tax benefit can make it even more important to assess a policy on the basis of the protection it provides, its cost and its suitability.A sound financial plan should not stop at growth-oriented and tax-saving investments. Whether you are following the new tax regime or the old one, the focus of individuals should always be on building a financial plan that protects their family, wealth and financial goals. To ensure this, including health insurance in your financial plan is a must because its primary purpose is not wealth creation or tax saving, but protecting your savings from the financial impact of unexpected medical costs.Adequate health insurance can help cover eligible medical expenses, reducing the need to use your savings to pay for hospitalisation and treatment costs.A large medical expense can derail important goals such as retirement planning, children's education or buying a home. Health insurance can help reduce the financial impact of such unexpected expenses.Health insurance can provide financial support when you or your family members need medical treatment, helping you manage healthcare costs without putting your overall financial plan under undue pressure.The right sum insured for your health cover should be decided on factors such as the number of family members covered, their age and health conditions, your location and the level of medical expenses you may need to meet. Also, assess your financial health and choose the sum insured accordingly.The new tax regime has eliminated most deductions, but the two key deductions remained - the Rs 75,000 standard deduction, which requires no action and the employer NPS contribution, which must be considered carefully. In this, your employer pays a part of your salary directly into your NPS Tier 1 account and that contribution is exempt from your taxable income - up to 14% of your salary under the new regime or 10% under the old regime for private-sector employees.NPS is specifically designed to help individuals build a corpus for their post-retirement years, making it different from investments meant for short- or medium-term goals.Its design encourages investors to build a retirement corpus over an extended period and to ensure that it comes with restrictions on premature withdrawals.It offers investment choices across different asset classes, allowing subscribers to build a diversified retirement portfolio rather than relying on a single type of investment based on their risk appetite.New-regime tax benefit: Employer contributions of up to 14% of basic salary can qualify for tax benefits under the new tax regime.PPF may not have the growth of equity investing, but it remains one of the best avenues for long-term stable returns. Offering a government-backed 7.1% p.a. interest rate, PPF provides guaranteed, tax-free returns, making it a perfect addition for risk-averse investors and those seeking stability near retirement.PPF can appeal to investors looking for a government-backed small-savings avenue rather than taking on the market risk associated with equity investments.Its 15-year long tenure allows investors to remain invested for an extended period, giving their contributions the opportunity to accumulate through compounding.Its long-term structure and withdrawal restrictions can encourage investors to keep money earmarked for future needs instead of using it for short-term expenses.Someone with substantial exposure to market-linked investments can consider PPF as part of the relatively stable portion of their long-term portfolio.PPF’s interest and maturity is completely tax-free under both the old and the new tax regimes.For investors who prefer the relative stability of fixed-income investments, market-linked products can sometimes feel too unpredictable, particularly when the money is earmarked for a defined financial goal. This is where NSC can still find a place in a portfolio. With a fixed tenure and government-backed small savings framework, NSC can help investors set aside money without directly exposing it to equity-market fluctuations. It also encourages investors to stay invested by not permitting premature encashment, except in specified circumstances such as the account holder's death.can suit investors looking for a government-backed small-savings avenue with a defined tenure, rather than an equity-market-linked investment.Its fixed maturity period can be useful when an investor has a medium-term financial goal and wants to earmark money separately for it.The interest earned on NSC is compounded and reinvested, allowing the investment to grow over the tenure rather than relying only on the initial principal.However, liquidity needs should be considered before investing because NSC does not offer the same level of flexibility as a regular savings account or easily redeemable market-linked investment.The SSY is designed specifically for long-term savings for the benefit of a girl child. It is part of the government's small savings schemes. The scheme encourages disciplined savings over several years, helping parents build a dedicated corpus for future goals such as higher education. Its long-term structure also reduces the temptation to use these savings for short-term expenses, making it a goal-oriented investment.It provides a dedicated avenue for building savings for a girl's future financial needs. Its rules around withdrawals also ensures the money is not used towards routine or short-term expenses.The scheme is structured around long-term savings, making it more appropriate for goals that are several years away.Keeping child-related savings separately can make it easier to avoid using those funds for unrelated expenses.The scheme's rules and long-term structure encourage regular contributions, helping parents build the corpus gradually rather than having to arrange a large amount closer to the child's education or other major milestones.The new tax regime has changed the tax-saving equation, but it has not made every tax-saving instrument irrelevant. Even if significant taxpayers have shifted to the new regime, the above instruments can continue to be the critical pillars of a smart, long-term financial strategy.For taxpayers who may choose between the old and new regimes, the decision should also be based on their overall income, eligible deductions, exemptions and financial circumstances rather than on any single investment.On the other hand, taxpayers following the new regime should look beyond the tax deduction and assess each investment and insurance product according to what it offers and whether it fits into their financial plan or helps them achieve their goals or not. For instance, PPF and NSC can play a role in long-term and fixed-income-oriented wealth creation. SSY can support an eligible girl child's long-term financial goals. NPS can contribute towards investors’ retirement planning. And insurance, both life and health, are crucial for financial security of your loved ones and protects your investments and savings in unforeseen circumstances.","For many, saving tax has long been one of the key reasons for investing in tax-saving instruments. These instruments have helped indians not only reduce their tax liability but also build wealth and provide financial security to their families.","https://static.toiimg.com/thumb/msid-134590167,width-1280,height-720,resizemode-6,overlay-toi_sw,pt-32,y_pad-600/photo.jpg"
"Rs 1.54 lakh crore and counting: Why PPF, Sukanya Samriddhi and senior-citizen schemes keep attracting Indians; FY27 target of Rs 3.59 lakh crore set to be beaten",https://timesofindia.indiatimes.com/business/india-business/rs-1-54-lakh-crore-and-counting-why-ppf-sukanya-samriddhi-and-senior-citizen-schemes-keep-attracting-indians-fy27-target-of-rs-3-59-lakh-crore-set-to-be-beaten/articleshow/134583847.cms,"Small savings schemes are also providing the central government with an additional source of financing.

Small Savings schemes popular

Some popular schemes:

Public Provident Fund (PPF):

National Savings Certificate (NSC):

Kisan Vikas Patra (KVP):

Senior Citizens Savings Scheme (SCSS):

Sukanya Samriddhi Yojana (SSY):

(Disclaimer: Recommendations and views on the stock market, or any other asset classes or personal finance management tips given by experts and analysts are their own. These opinions do not represent the views of The Times of India.)

Indians may be moving towards equity investments, but the good old small savings schemes continue to form an important part of their investment portfolio. Be it Public Provident Fund (PPF), Sukanya Samriddhi Yojana (SSY) or Senior Citizens Savings Scheme (SCSS), they are still popular savings options, and fresh data supports this.Interest rates across small savings schemes currently range from 6.9% for one-year deposits to 8.2% for the Senior Citizens' Savings Scheme and Sukanya Samriddhi Yojana. The Public Provident Fund offers 7.1%, while the National Savings Certificate carries a 7.7% rate, making these schemes more attractive than other savings options. The government-backed security serves as an important pull for Indians looking for safe returns.The net collections under small savings schemes are expected to surpass the budgeted Rs 3.59 lakh crore target for financial year 2026-27 by a comfortable margin, with inflows during the first four months of the fiscal already 56% higher than in the corresponding period last year.Deposits and certificates mobilised through the National Small Savings Fund stood at Rs 1.54 lakh crore between April and July 2026, compared with Rs 98,259 crore during the same period a year earlier.The four-month collection has already reached about 43% of the target set for the entire financial year.Officials expect FY27 collections to come in significantly above the original target, particularly because a substantial share of small savings typically comes in during the March quarter, according to an ET report. The final quarter usually sees stronger demand as taxpayers rush to invest in tax-saving instruments before the financial year closes.Small savings schemes, including the Public Provident Fund, Sukanya Samriddhi Yojana and senior citizen savings schemes, are also providing the central government with an additional source of financing, thereby reducing its dependence on market borrowings.The Centre last week cut its gross market borrowing estimate for the current financial year to Rs 15.99 lakh crore from the Rs 17.2 lakh crore provided for in the Budget. It has also projected Rs 3.87 lakh crore in net financing through small savings during FY27. Net financing from the National Small Savings Fund stood at Rs 1.16 lakh crore during April-July.The current collection trend follows a strong performance in the previous financial year. The government had initially estimated net small savings collections at Rs 3.06 lakh crore for FY26, before raising the estimate to Rs 3.42 lakh crore. Actual collections ultimately exceeded the revised projection by more than Rs 1 lakh crore.For FY27, the government has set the collection target at Rs 3.59 lakh crore, around 5% higher than the revised estimate for the previous financial year.""Despite large retail participation in equity market instruments, the collection trend for small savings is very encouraging and we will comfortably exceed the budget target by a fair margin, almost closer to last year,"" a senior official told ET.The official said the strong inflows into small savings indicate that investors continue to seek predictable returns backed by the government, despite the increased participation of larger numbers of investors in equities and other market-linked instruments.It has a tenure of 15 years and an investment cap of Rs 1.5 lakh per year. Contributions are eligible for a tax deduction under Section 80C, while the interest earned and the amount received at maturity are tax-free.The interest is compounded every year and is paid when the certificate matures. The amount initially invested is also eligible for a Section 80C tax deduction.KVP is built around a simple objective: growing the invested amount to roughly twice its original value over a specified period, depending on the interest rate applicable at the time. It does not provide tax deduction benefits.SCSS is specifically meant for senior citizens and retirees. It offers one of the higher interest rates among government-backed savings schemes and provides interest payments at regular intervals. Investments made under the scheme are also eligible for tax benefits under Section 80C. The investment limit is Rs 30 lakh.SSY is aimed at building savings for a girl child while offering long-term returns and tax benefits. Parents can make contributions every year, allowing the savings to accumulate over time.",Interest rates across small savings schemes currently range from 6.9% for one-year deposits to 8.2% for the senior citizens' savings scheme and sukanya samriddhi yojana. The government-backed security serves as an important pull for indians looking for safe returns.,"https://static.toiimg.com/thumb/msid-134584796,width-1280,height-720,resizemode-6,overlay-toi_sw,pt-32,y_pad-600/photo.jpg"
"New Tax Regime 2025: What are the new income tax slabs, rates after Budget 2025 announcements? Check new vs old tax regime comparison - FAQs answered",https://timesofindia.indiatimes.com/business/india-business/latest-income-tax-slabs-fy-2025-26-budget-2025-tax-slabs-rates-under-new-income-tax-regime-standard-deduction-personal-taxation-after-budget-2025-full-details-faqs-answered/articleshow/117821239.cms,"Latest Income Tax Slabs FY 2025-26

Latest

income tax slabs

FY 2025-26:

Latest Income Tax Slabs FY 2025-26 Under New Tax Regime

Income Tax Slab



Income Tax Rate



0-4 lakh



Nil



4-8 lakh



5%



8-12 lakhs



10%



12-16 lakhs



15%



16-20 lakhs



20%



20-24lakhs



25%



Above 24 lakh



30%





Also Check |

Latest Income Tax Slabs FY 2025-26 Under Old Tax Regime

Annual earnings up to Rs 2,50,000 are exempt from taxation

5% tax applies on earnings between Rs 2,50,001 and Rs 5,00,000

20% tax rate for income range of Rs 5,00,001 to Rs 10,00,000

Earnings exceeding Rs 10,00,000 are taxed at 30%

How much income do I save post Budget 2025 ?

Latest Income Tax Slabs FY 2025-26: FAQs Answered

What are the new tax slabs rules?

How is income tax calculated on new slabs?

What is the latest income tax rebate limit under Section 87A?

What is the maximum total income for which tax liability for individual taxpayers is NIL?

To claim benefit of NIL tax liability mentioned above, what are the steps required to be taken?

How will a person who has an income Rs 12 lakh benefit from new rates?

Finance Minister Nirmala Sitharaman announced sweeping changes in the new income tax regime, announcing revamped income tax slabs and income tax rates for the salaried taxpayers, individual taxpayers, common man and middle class. The biggest announcement was that people earning up to Rs 12 lakh income will not have to pay income tax!The three pillars - Democracy, Demography and Demand - form the foundation for our progression towards Viksit Bharat. India's middle class serves as a crucial driving force for economic advancement. The current administration, led by Prime Minister Modi, recognises the middle class's vital contribution and capabilities in building the nation, FM Nirmala Sitharaman said.

With effect from assessment year 2026-27, it is proposed that the following rates provided under the proposed clause (iii) of sub-section (1A) of section 115BAC of the Act shall be the rates applicable for determining the income-tax payable in respect of the total income of a person, being an individual or Hindu undivided family or association of persons [other than a co-operative society], or body of individuals, whether incorporated or not, or an artificial juridical person referred to in subclause (vii) of clause (31) of section 2:—Acknowledging the role of middle class, FM Sitharaman said that they have consistently reduced middle class income taxation burden.Since 2014, the 'Nil tax' threshold has seen progressive increases: initially to Rs 2.5 lakh, then to Rs 5 lakh in 2019, and subsequently to Rs 7 lakh in 2023, demonstrating the government's confidence in middle-class taxpayers.A significant announcement introduces tax exemption for incomes up to Rs 12 lakh under the new regime (excluding special rate income like capital gains). For salaried individuals, this threshold extends to Rs 12.75 lakh, factoring in the standard deduction of Rs 75,000.The comprehensive revision of tax slabs and rates aims to benefit all taxpayers, particularly enabling the middle class to retain more disposable income, which should enhance household spending, savings and investment potential.The income tax slabs for FY 2025-26 under the old income tax regime continue to be the same:For regular income up to Rs 12 lakh (excluding special rate income such as capital gains), taxpayers receive a tax rebate alongside benefits from reduced slab rates, effectively eliminating their tax liability.The impact of these modifications can be quantified through specific examples:- At Rs 12 lakh income level: Rs 80,000 tax benefit (complete tax exemption)- At Rs 18 lakh income level: Rs 70,000 tax reduction (30% of previous tax liability)- At Rs 25 lakh income level: Rs 1,10,000 tax saving (25% of previous tax liability)The new income tax slabs have been announced by FM Nirmala Sitharaman. These tax slabs and rates are applicable for the new income tax regime. In this article, a detailed table shows the latest income tax slabs for FY 2025-26.In order to calculate income tax under the new tax regime, an individual needs to first determine their gross income by adding earnings from all sources, such as salary, property, and other sources etc. Next, they should apply the rates available under new tax regime to their income. After calculating the tax for each income slab, sum these amounts to find the total tax. Then, add the Health and Education Cess (4%) and surcharge (if applicable) to determine the final tax liability.Unlike the old regime, the new tax regime does not allow most deductions, such as those under Section 80C or for HRA, but some exemptions remain, such as the employer’s contribution to NPS.From assessment year 2026-27 onwards, for an assessee, being an individual resident in India whose income is chargeable to tax under the sub-section (1A) of section 115BAC, it is proposed to,–(i) enhance the limit of total income for rebate in clause (a) and (b) of first proviso under section 87A, on which the income-tax is payable as per the rates of income-tax under sub-section (1A) of section 115BAC, from Rs. 7,00,000/- to Rs. 12,00,000/- and the limit of rebate in clause (a) of first proviso to section 87A from Rs. 25,000/- to Rs. 60,000/-.(ii) rationalise the first proviso to section 87A by inserting a new proviso so as to provide that the deduction under the first proviso, shall not exceed the amount ofincome-tax payable as per the rates provided in sub-section (1A) of section 115BAC.In the proposed new tax regime, the maximum total income for which tax liability for individual taxpayers is NIL is Rs. 12 lakhs.The benefit of such Nil tax liability mentioned above is available only in the new tax regime. This New tax regime is the default regime. To avail the benefit of rebate allowable under proposed provisions of new tax regime, only return is to be filed otherwise no other step is required to be taken.Any individual earlier was required to pay a tax of Rs 80,000 (in the new regime) for an income of Rs 12 lakh. Now he will be required to pay nil tax on such income.",Latest income tax slabs fy 2025-26: faqs answered. Finance minister nirmala sitharaman announced sweeping changes in the new income tax regime. The biggest announcement was that people earning up to rs 12 lakh income will not have to pay income tax! The income tax slabs for fy 2025-26 under the old income tax regime continue to be the same.,"https://static.toiimg.com/thumb/msid-117821263,width-1280,height-720,imgsize-56778,resizemode-6,overlay-toi_sw,pt-32,y_pad-600/photo.jpg"
